Title,Url
AGAiN - Smurf Esque 98,https://www.youtube.com/watch?v=e2Zj8beVMbQ
AGAIN - Smurf Esque 98,https://www.youtube.com/watch?v=k8yCrSE5VTw
Jake Kaufman - Shovel Knight, https://www.youtube.com/watch?v=FrceWR4XnVU
Kenet & Rez - Unreal Super Hero,https://www.youtube.com/watch?v=9STiQ8cCIo0
Koji Kondo - Super Mario Bros,https://www.youtube.com/watch?v=NTa6Xbzfq1U
Michael Land - Monkey Island ,https://www.youtube.com/watch?v=i3dB0qEcG20
Razor 1911 - Gothic 3 keygen music,https://www.youtube.com/watch?v=H_9qMu1mMR8
Reloaded Installer #12,https://www.youtube.com/watch?v=bFBgHoUtCQ8
Sleepy Sunflower - SKiDROW Portal 2 Keygen Launcher Song,https://www.youtube.com/watch?v=v-8Ss5GL-PA
Starving GOGO - Ratatat - Lex (chiptune cover),https://www.youtube.com/watch?v=iyKt90wflTA
